,hostname,coordenadas,distancia a Kepler-220
250,Kepler-220,"[-378.91227463031373, 149.30368276134195, 381.1716830874217]",0.0
200,Kepler-1049,"[-373.292818696745, 116.60346188535001, 354.9471777923925]",42.29193077050271
217,Kepler-1313,"[-353.0054262762241, 145.41604559491708, 420.5574502385422]",47.30240129699386
302,Kepler-994,"[-426.78108969746944, 147.5532956417113, 415.1378693760864]",58.72128338173817
223,Kepler-1446,"[-340.4140386241184, 120.03924452781199, 339.8401117305892]",63.61462340954116
260,Kepler-378,"[-325.76735415907865, 151.55472527998225, 341.68794946936015]",66.24511291209843
264,Kepler-411,"[-363.2341015157623, 115.26443650775094, 325.2073568607037]",67.35340531653144
277,Kepler-538,"[-343.5929905980422, 178.76068982668147, 329.35675348596726]",69.28170046558768
265,Kepler-411 B,"[-359.0350996332193, 113.92715549107656, 321.4371045944832]",72.21371500828619
249,Kepler-22,"[-444.4623342824765, 154.92782712286697, 425.53804571493436]",79.35247603570618
247,Kepler-1948,"[-446.8355964677562, 139.7222094684094, 424.7306524752585]",81.25740639490333
283,Kepler-63,"[-454.49246191204315, 158.50486885296746, 410.40132745751436]",81.5561073435712
285,Kepler-68,"[-331.27048037132084, 127.3772062830803, 308.0863627443082]",89.95540551086125
286,Kepler-737,"[-449.6322390917522, 180.41361754213744, 460.89150289563713]",111.01527411012778
234,Kepler-1650,"[-263.8301286095401, 138.6856529144198, 321.1254391177737]",130.23898919079218
282,Kepler-568,"[-280.93900758208156, 150.04609826269973, 282.75882352673875]",138.86829430720167
212,Kepler-1152,"[-457.6316481915156, 170.50222490644742, 503.8138863521375]",147.2658412007677
232,Kepler-1646,"[-270.0650275650812, 85.28844900160577, 304.6348393049094]",147.66029189725356
269,Kepler-445,"[-263.7455127980461, 144.61394501321004, 285.44821359167673]",149.827765395401
300,Kepler-954,"[-470.0415535661902, 227.82877305832875, 471.3201803923406]",150.32460494495797
298,Kepler-942,"[-445.4121326035553, 207.27411640385532, 506.07644464020996]",152.91828453694228
288,Kepler-78,"[-259.90355182989595, 114.31673973131264, 289.4551939347185]",154.26949363912203
289,Kepler-78 B,"[-256.2063605395031, 112.67523164561747, 285.3312490577051]",159.94928439665762
245,Kepler-1869,"[-230.94325572653162, 96.2033238731256, 270.5069501740063]",192.25285896496513
279,Kepler-560,"[-217.82880100556682, 126.81320812857744, 251.89308654201224]",207.76588374651962
325,TOI-2010,"[-264.9480887016442, 107.94502675244607, 211.79583551410852]",208.29438744820933
197,Kepler-102,"[-252.7150358776207, 51.33495417508476, 238.7306164550673]",214.0398848648886
215,Kepler-126,"[-509.16215599800773, 178.77870304828764, 554.7571342551082]",219.01076976784384
218,Kepler-1319,"[-240.08423680928757, 91.95037172232536, 220.61144191307147]",219.86863673189035
255,Kepler-327,"[-506.56438558528106, 211.30128304782542, 566.6323238007287]",233.52604378598167
272,Kepler-504,"[-224.38187663447127, 59.79550229159595, 224.46202945495168]",237.59055919241996
273,Kepler-504 B,"[-222.83311239436367, 59.38616081488935, 222.90528178389195]",239.7793139927561
270,Kepler-446,"[-216.72161369537508, 47.05528963568648, 222.3835741186697]",248.94619487182982
297,Kepler-93,"[-181.88489703888573, 71.34630349525115, 244.11278103683463]",252.35348845202176
233,Kepler-1649,"[-185.177840859827, 76.71441013487669, 223.94317331507466]",259.8519532619361
155,HD 48265,"[-217.85032064849403, 38.44177677600935, 195.4276899403168]",269.68898051157794
262,Kepler-408,"[-209.34566403469313, 55.25763359988158, 192.0744196002696]",270.8417801043555
299,Kepler-953,"[-560.6645531798351, 192.7418098607152, 600.688742575607]",288.2854506390907
207,Kepler-1089,"[-597.0040142406682, 230.27670428001485, 552.5175989564322]",288.9291608424531
208,Kepler-114,"[-576.9994652715578, 258.36400080648826, 562.2872322419012]",289.71629262742147
229,Kepler-1582,"[-159.67509313833364, 56.157012501942866, 193.63246933699895]",303.1702502276359
194,KOI-7368,"[-587.3274199363524, 260.85210613803855, 577.3194329311522]",307.1707396864529
158,HD 55696,"[-149.35682137908142, 48.70830338671433, 199.81859724062645]",309.3607573934662
231,Kepler-16,"[-181.6903320636279, 62.83009755239791, 151.516170590265]",314.8266665786069
240,Kepler-1749,"[-585.5514761305747, 216.53910537256732, 612.1247674042875]",317.11147693807743
263,Kepler-409,"[-148.4972744824066, 65.12147762511891, 151.9872996978969]",335.71296898450896
221,Kepler-138,"[-140.11205891480776, 52.05547220924129, 158.6517583902369]",340.58460676988716
235,Kepler-1651,"[-157.30898212618035, 38.139189074159894, 143.75811014419295]",343.26486642688883
236,Kepler-1651 B,"[-156.97322023226536, 38.062646367630926, 143.4531264530419]",343.7173609426496
127,HD 191806,"[-143.01697699497802, 90.65198033509641, 130.9806890280435]",348.8296821550315
259,Kepler-37,"[-141.7276195676899, 35.492377854390774, 148.58134138051662]",351.1521618574115
159,HD 56957,"[-123.24756802494198, 43.22202850310028, 152.08001172020266]",359.30593296465594
246,Kepler-1877,"[-615.0683269273609, 285.0737515429702, 636.821612627185]",373.57740708878487
204,Kepler-1075,"[-667.350273917484, 210.42933646238973, 641.8883492870916]",393.581001837533
176,HIP 35965,"[-119.03965033018288, 46.178456548286846, 102.19899967789596]",394.961202184268
118,HD 178911 C,"[-87.31820243110684, 27.14399425652509, 132.54363565864048]",402.20144008389434
143,HD 331093,"[-77.61514638041695, 37.220273984416586, 139.1575920757405]",402.3847291621545
166,HD 73267,"[-72.18708133867543, 58.60945823799933, 135.4980618509977]",403.3129240838946
119,HIP 94076,"[-86.57108390802057, 26.91172108000861, 131.4096805223243]",403.5148349224113
333,TOI-500,"[-109.33776950590175, 32.51003265057853, 104.20345557194729]",403.7605349366511
10,AB Pic,"[-137.9584240979345, 11.594199784010378, 86.32816939044517]",404.91401230069
115,HD 167042,"[-131.3190747179442, 6.038099434009528, 94.50510830853622]",404.97548704140814
156,HD 50499,"[-82.02965920727816, 18.950216509994647, 125.21602496311338]",413.09153032955174
121,HD 187123,"[-75.62234370159074, 38.105012667678395, 123.58437863842846]",413.1599518910894
188,HIP 91258,"[-130.00499543913074, 21.105389998221014, 70.91245094949261]",417.91198478693303
137,HD 235088,"[-92.70396037022753, 54.85872337301345, 80.06542782608983]",426.0281991405799
266,Kepler-42,"[-84.91374384596467, 34.686546978408806, 92.95850991241969]",427.36291031164933
117,HD 178911 B,"[-72.4319254774258, 22.50902061156758, 109.94622657474271]",428.45109292317443
151,HD 41004 B,"[-101.03998290963794, -0.07654282235809011, 90.21521194865552]",429.16562117562626
276,Kepler-533,"[-680.772419255128, 298.63542066783674, 650.2194506264435]",431.0524516538787
189,HIP 99770,"[-65.1705919409851, 43.3547322847932, 104.60604304698472]",431.4482319059728
96,HAT-P-11,"[-81.10187495850181, 42.59781290751505, 82.24781928470786]",435.23861635278826
268,Kepler-444,"[-74.27560766461984, 26.671813110478006, 88.78934704521942]",439.69251158454915
150,HD 41004 A,"[-89.22358445267338, -0.06757807506665159, 79.66472507876689]",444.00197804551283
324,TOI-1680,"[-102.52809289315556, 42.0790607364309, 49.40415907967849]",444.9213699847783
154,HD 47186,"[-55.91509699266562, 8.892820366277968, 108.19217290902924]",445.6009425681762
157,HD 51608,"[-91.23229889611802, 22.263166625665455, 65.1229682192429]",445.8540695656751
12,BD+63 1405,"[-111.13310506471994, 2.712024320133491, 55.01418141047021]",446.7365150487853
165,HD 73256,"[-46.48968664907589, 37.774402308190176, 103.59658747476256]",447.2040821626279
328,TOI-2459,"[-75.00277885415916, -10.349685778575466, 92.26357410751596]",448.68482829643824
162,HD 65216,"[-90.22882597744719, 48.829219532926075, 50.82395502069631]",450.0698531628148
192,HR 2562,"[-93.9669198403254, 20.839314589371043, 55.01434434930949]",451.74722878944556
327,TOI-2136,"[-63.562675315858755, 12.558477701591416, 87.3591133618227]",452.18408532740347
295,Kepler-909,"[-677.0506582426787, 239.8410556254981, 709.0350961383814]",452.30291761778534
153,HD 45364,"[-58.119374502088974, 6.529993136440162, 95.51001252562776]",452.6532903337165
161,HD 63765,"[-76.74619968848916, 39.03374619149095, 61.94980928871843]",453.17369790006853
130,HD 197037,"[-55.82645396087918, 46.65659008124377, 80.10483150623413]",453.3895921548349
168,HD 80883,"[-62.54611658293167, 74.36326978798247, 57.287293605174355]",458.91688703355305
169,HD 85390,"[-44.82925033001299, 70.3964730485068, 70.55158031116231]",462.9499574673645
330,TOI-431,"[-47.416277726976965, -5.59593288048412, 94.83260580188546]",464.621947468751
164,HD 70642,"[-49.71885118689359, 35.289103524785055, 73.4265810039534]",464.8383398271407
337,TOI-6086,"[-51.57556929660723, -4.176468835369838, 88.53652293601948]",465.1245129529428
339,TOI-700,"[-91.68596909604804, 11.413130314756206, 41.95318175834838]",465.38365537353206
331,TOI-4438,"[-56.98932622551242, 0.31554533458181594, 79.61804285488034]",465.5818378556368
308,LHS 1815,"[-79.97996532426944, 1.5217101398945214, 55.366947948726384]",466.2067807504801
167,HD 75289,"[-47.01870588458744, 42.21439681355038, 70.82739105414538]",466.8351269315726
322,TOI-1760,"[-89.45395429825149, 32.86652403274046, 28.780241881631714]",470.6627869051706
323,TOI-1452,"[-89.40637610374219, 32.84903965492678, 28.766539495284974]",470.70663306662095
142,HD 29985,"[-53.63313681902743, -18.969676149614468, 84.59259812803101]",471.25533890851443
187,HIP 86221,"[-44.757099116072666, -4.471395754516061, 84.96518707527245]",472.2761314901558
32,GJ 2056,"[-37.11482528521977, 12.073300549432812, 84.1114768680525]",473.1833051787995
113,HD 164595 B,"[-45.504608777994, 0.14979694307132915, 80.21216075743412]",473.26967722945875
112,HD 164595,"[-45.45762984940794, 0.1280307509631608, 80.10916632472606]",473.3751306080307
16,DMPP-4,"[-59.005714071497884, 25.757705312904978, 51.69881687260588]",475.5588140325725
345,G 229-20 A,"[-62.9558076461263, 16.176038921463714, 48.061738305868744]",478.03105955142354
343,G 229-20 B,"[-62.90462369297281, 16.162526398022486, 48.023665792353725]",478.0951834063308
344,WD 1856+534,"[-62.78863443788091, 16.13969269688069, 47.95572447090719]",478.2255526580793
111,HD 158259,"[-69.43209305833244, -10.563116711310714, 53.32664922602392]",478.3489757353275
160,HD 60532,"[-29.4548092305242, 12.815303047602649, 78.33743391960567]",482.13917118355135
335,TOI-5799,"[-21.26498197525339, 13.097749174450374, 87.16050426135072]",482.6035801384683
116,HD 168009,"[-53.78934206134735, 3.6526458883922115, 53.52165467509391]",484.018271290464
336,TOI-6008,"[-43.67327582703211, 37.232971392324316, 48.762047318913865]",485.2228319206923
147,HD 39194,"[-80.79990180110642, -5.467198944441183, 29.25492134332093]",486.4878414249425
321,TOI-1450 A,"[-60.084510001644574, 18.20246272234901, 37.593675025811585]",486.70783948628804
326,TOI-2134,"[-46.4536383794424, 1.5698416837810336, 57.249068243856705]",487.11383990234947
110,HD 156668,"[-38.07398596835228, -7.112733229721028, 69.22402923899575]",487.7993162675007
224,Kepler-1507,"[-718.8490740360972, 241.38359556714659, 718.6861847684845]",487.8030102178426
1,16 Cyg B,"[-48.021966290923, 22.86996494939815, 43.819982270704315]",489.16260200123565
2,HIP 96895,"[-48.03042027231349, 22.860960555347436, 43.81131297222649]",489.1651897534336
41,GJ 3341,"[-39.254086656543954, -7.6678106000393855, 65.79516795028387]",489.35680304433515
152,HD 45184,"[-34.25630812269097, 3.710549788623848, 62.72666496111542]",491.316929473816
28,GJ 160.2,"[-26.409090284807085, -14.252299294879982, 78.76652556049933]",492.40017621745443
114,HD 164922,"[-31.789131840634546, 0.3498119839627084, 64.29490911916187]",493.0442391512955
148,HD 39855,"[-25.559205278481823, -0.6130156950395951, 71.387160747302]",493.25435464668556
171,HD 96700,"[-9.385005586947331, 40.56777318604842, 71.6147601083247]",494.16534597450425
352,bet Pic,"[-49.99154395996039, -2.776376932958796, 40.449116961658696]",497.40231069896134
356,psi1 Dra B,"[-70.28226513437427, -5.540498167233545, 22.69530165059157]",497.72936338631746
329,TOI-270,"[-53.666937770027204, -21.230822705750956, 45.160152812466436]",497.76530130372123
170,HD 90156,"[-14.4069813496142, 32.32840872155365, 62.18947264584624]",498.29406392663947
357,psi1 Dra A,"[-68.16661048933052, -5.382984804071858, 22.022909755868632]",499.4784022262353
342,WD 0806-661,"[-48.86310327907992, 30.21095628278366, 25.210995738749382]",499.8235127997402
122,HD 189733,"[-21.501928852382957, 12.505441274881127, 59.43487484488972]",499.9704870499657
123,HD 189733 B,"[-21.443822254919738, 12.470091767943547, 59.27638631157968]",500.12369285429315
338,TOI-6255,"[-20.01444894215926, 36.86687899454994, 51.254184609905515]",500.2951528114568
301,Kepler-993,"[-683.0195376213645, 284.5109289303485, 755.7087728767797]",501.03917855632415
8,7 CMa,"[-21.02603295439604, 3.394657653640366, 60.96784595696905]",501.89889709169387
317,RR Cae,"[-47.10913549622277, -21.69430898186947, 45.63738027609775]",501.9132441792401
307,LHS 1678 B,"[-38.5014967484261, -15.41587148342786, 49.793630620130465]",502.8155157766736
306,LHS 1678,"[-38.501492658975245, -15.415880294108366, 49.79363105443527]",502.8155211453732
39,GJ 3293,"[-25.79793334861121, -10.871779224453567, 59.57006976240867]",503.75938138601936
316,LP 729-55,"[-6.255723844114964, 13.20386153250859, 70.43938625420459]",503.93514114182756
315,LTT 3780,"[-6.232163339110318, 13.151496142392983, 70.16596566866139]",504.13533851566353
178,WDS J07542-2518 B,"[-21.887621035633217, 11.876338085310548, 52.44486305266944]",504.394885530441
58,GJ 4276,"[-24.046437902505005, 54.83689233797694, 35.393825284337936]",504.39673226172806
177,HIP 38594,"[-21.77236893310634, 11.843046452761522, 52.42750482082219]",504.4968518434498
109,HD 154345,"[-42.29206789199878, -10.817490271430579, 40.585946579470956]",504.9263288348115
46,GJ 3634,"[-9.098999641842324, 33.13159914079431, 56.85692443449246]",505.4086208708217
185,HD 153557,"[-41.45995021098779, -11.520735218027744, 39.613480396802444]",506.3601193811131
76,GJ 720 A,"[-35.89581515883001, 5.575838847627064, 35.39294011142478]",507.81977480056617
75,GJ 720 B,"[-35.88292372961399, 5.597634393227228, 35.36239479274362]",507.8431133606186
125,HD 190360,"[-22.314416081228867, 13.35979460242907, 45.23931258534704]",508.4223942753696
126,LHS 3509,"[-22.253270904573014, 13.299396446740475, 45.14929176159926]",508.54091114374086
13,BD-06 1339,"[-6.899675699027007, -0.2106617952979319, 65.71702602903724]",510.15640116697057
34,GJ 238,"[-41.84108643280247, 6.219511476283381, 25.8965583125711]",510.2063114750735
0,14 Her,"[-35.9343465162962, -18.624924012585502, 42.182039645149594]",510.6347564625182
191,HN Peg,"[-8.392677887636438, 12.504500287444113, 57.11451583259885]",510.89317429879924
100,HD 104067,"[-0.08368538942023765, 23.091249319274166, 62.23846805800847]",511.03725307516663
180,HIP 54373,"[-4.581179153721178, 19.63110964323306, 57.59060955488052]",511.5109543384667
358,rho CrB,"[-27.14524261932629, -15.508459429049735, 47.59306473947591]",512.0329888221358
53,GJ 3998,"[-11.136004360108616, -2.1642063394224693, 58.05768383042852]",512.4495710978325
140,HD 27442,"[-46.07943047648404, -22.35455130969146, 30.406132300035473]",513.108880347136
88,GJ 900 A,"[-0.20680818468036544, 1.8891495983739408, 67.80256160519167]",513.1754877252081
37,GJ 317,"[-15.05004537293309, 12.738335458788953, 45.4488493133835]",513.5714527515017
340,TYC 2187-512-1,"[-12.495597790214642, 15.172763272260562, 46.45967167440015]",514.0859998226742
146,HD 39091,"[-58.4474276693612, -5.834570844214355, 9.866664728495486]",514.4249338125156
175,GJ 3222,"[-29.704673985135393, -24.14270424689595, 45.49538155530363]",514.497985345769
184,HD 149806,"[-0.27477376474295206, -0.10390772532654353, 66.08834910874101]",514.7489606671178
51,GJ 3942,"[-38.982138000291215, -20.496861262538054, 33.25565508021698]",515.1992673562545
174,HD 21175 B,"[-28.83179678957474, -23.43259102835352, 44.15740964237178]",515.7254906960133
38,GJ 328,"[1.3000748142474867, -1.2459409835118593, 66.89248326058481]",515.7499736535786
17,G 264-012,"[-26.3564888413791, 40.081159166493464, 20.55634659807223]",516.0121729814202
314,LTT 1445 B,"[-11.90847993802014, -11.717630788823113, 56.07072873798664]",516.0525934969005
309,LHS 3154,"[-29.605955071359393, -15.983360264946388, 38.83140988569327]",516.2669601398394
49,GJ 3929,"[-25.750037368023822, -15.121012048929023, 42.00661851211568]",516.5191062486733
73,GJ 685,"[-40.84969233389988, -4.368429917848274, 22.139809137376716]",516.5320070201712
133,HD 217107,"[0.7275339973599838, -2.6349579302883663, 65.34464285162734]",516.6802242917558
128,HD 192263,"[0.8065599226925793, -0.5338318721545886, 64.00572635716692]",516.9447922307124
334,TOI-540,"[-32.92632383147411, -8.02067031012226, 30.580882235782656]",517.0794328353483
312,LSPM J2116+0234,"[-1.6938806702881954, 1.9564869395949895, 57.41452948316917]",518.4820222227969
87,GJ 896 B,"[-2.216750358119519, 17.972361316914256, 49.923097790745935]",518.5297091393047
4,51 Peg,"[-4.8162776300115135, 17.212313943024572, 47.12875414284053]",518.6334187707357
149,HD 40307,"[-36.518813157451554, -0.9452963391294653, 21.0710415686699]",519.1151223017096
332,TOI-4527,"[1.8757960994779532, 5.305247101594231, 58.74919050012564]",519.3181760816545
29,GJ 163,"[-35.05057667361931, -18.384147932929515, 29.42507541562124]",519.6977505177707
79,GJ 806,"[-20.685418240062166, 18.153211066862912, 28.00571588623524]",519.8587570235552
173,HD 99492,"[0.44996757718219077, -3.0805337883091286, 59.262671453901866]",520.3480297233951
172,HIP 55846,"[0.45108365315256854, -3.08667666745263, 59.248305925362644]",520.3595295739016
9,70 Vir,"[-5.229772316189527, -12.875192246517056, 56.67880335613518]",520.8034456787545
63,GJ 504,"[-3.076434065382336, -8.838115639132422, 56.376032584524374]",521.2999348168817
102,HD 128311,"[-5.671097638857269, -7.002415363395407, 52.46501273380095]",521.3335282215328
20,GJ 1132,"[-13.353343539576734, 27.02920830544884, 27.961246190381054]",522.8211854321373
23,GJ 1214,"[-4.049587519591445, -0.7995339177728408, 47.55639911112177]",523.7863758708085
145,HD 3765,"[6.6821522180053785, 37.11071304343075, 44.64563236735642]",523.946664541203
163,HD 69830,"[-7.372549986220008, 5.086173205819571, 39.9509480239036]",524.6637466876225
193,HR 810,"[-28.49596774765385, -33.197866029396224, 35.682979692046004]",524.8436411104916
359,tau Boo,"[-6.904963859899968, -13.661529837374577, 48.675671917413894]",524.8816030572476
136,HD 22496,"[-26.7381331364914, -19.600518032090765, 29.41600108497552]",525.6303975262324
25,GJ 143,"[-37.39173786853547, -29.477070163634437, 23.73901354266648]",525.6966310567007
31,GJ 180,"[-11.392551145442166, -3.383259554598281, 37.068179139442876]",526.1095617202413
304,L 98-59,"[-26.50094171105567, 18.235979595092573, 12.792231696077627]",526.3800058803448
274,Kepler-509,"[-766.7817604606242, 274.0101382402309, 715.1985555197575]",526.8475961635447
15,COCONUTS-2 A,"[-30.690965085113433, 15.841408324460014, 8.162762723182208]",527.4522857951564
347,Wolf 1069,"[-21.423744808313977, 15.866772546183734, 16.288831762814226]",527.9611284487132
124,HD 190007,"[-2.068204954488958, 1.2277970816884525, 41.37812137023116]",528.5807273767233
305,LHS 1140,"[-2.510538199032958, -12.622902944821988, 47.128970531461825]",528.6615364850015
68,GJ 649,"[-14.164259372023787, -3.9184285891565698, 30.479432563348883]",528.6806073795457
52,GJ 3988,"[-24.486551271565304, -6.173147974985291, 20.152488100401865]",529.268832847033
61,GJ 480,"[-1.5871833115629355, -9.272325010724488, 45.445274960772906]",529.3701879528646
57,GJ 422,"[-6.657780995853037, 34.19092241110549, 22.154774364896124]",529.8277987942666
95,Gliese 12,"[0.6440682014510912, 9.308862228096539, 38.695431788910135]",530.0486297156526
47,GJ 367,"[-12.258361471266593, 18.257136726072464, 21.400687459553]",530.1353209867118
104,HD 141004,"[-4.115631194624301, -2.712736453262109, 38.19952880340911]",530.293705653486
320,Ross 508,"[-8.517097967045379, -6.906539830010678, 34.861698483440414]",530.5891310363071
78,GJ 740,"[-3.6034712018575816, 0.9319020822419339, 35.99964258356269]",531.0504879749045
48,GJ 3779,"[-6.568353340588569, -17.351920458300423, 40.77993285372591]",531.3008840883579
45,GJ 357,"[-6.678085719190663, 9.194115079584803, 28.60591414475079]",531.499392079076
77,GJ 724,"[12.59736090985315, -2.2753322523252937, 53.806694922049395]",532.3756455641281
106,HD 147379,"[-29.12663898316607, -14.097575163404048, 13.57641078910062]",533.0818381942357
105,HIP 79762,"[-29.124636496675166, -14.089791340584103, 13.562662464335016]",533.0902467816036
144,HD 3651,"[2.2477336056256485, 12.960760322862566, 33.827981302743275]",533.404154039852
30,GJ 179,"[4.344668728261729, 1.3262632368039435, 40.0235979564802]",534.0086303705283
319,Ross 458,"[-2.1071784176722836, -7.760407762779809, 36.64880075317907]",534.179020100829
101,HD 113538,"[11.763765440535597, 40.401819612983005, 32.3514633994972]",534.9419872712888
94,Gl 686,"[-8.440843016114886, -0.8162568226310059, 25.204351444720984]",535.2549103929773
65,GJ 536,"[0.7912985148988579, 1.3563328311899434, 33.8976403451246]",535.4087061051356
181,HD 115404 A,"[-3.4480597524352588, -9.89281680329617, 34.232794294949294]",535.4283282420263
59,GJ 433,"[-1.6997241638637932, 15.805294662913337, 24.910512149733975]",535.7547477831392
183,HIP 79431,"[13.677864055495489, 6.916904697544148, 44.82769471737145]",536.2166447187225
99,HD 102365 B,"[-1.1602009009063374, 19.688123348444094, 23.095971401214594]",536.3907509907025
98,HD 102365,"[-1.1592493520324474, 19.63277429393331, 23.028184795255132]",536.4500517090179
362,ups And B,"[11.906514601140861, 26.482032935891034, 32.94525669694406]",537.6673020733812
361,ups And,"[11.847072258889854, 26.36295756060767, 32.779132687169394]",537.7589220724764
355,gam Cep,"[-4.042079611262805, 44.724771753578, 9.846262092263236]",537.9098251737206
82,GJ 86,"[-14.69102332775903, -22.951869260040663, 22.208712984514353]",539.6142223919702
14,CD Cet,"[1.7454597362550188, 1.5522531418716894, 27.961915207119542]",539.8962268934127
81,GJ 849,"[1.0746131168355884, -2.0575560495969896, 28.59583018322455]",540.0092513330385
7,61 Vir,"[2.9217366723578286, 8.20679658420949, 26.31645841538076]",540.0257160112063
67,GJ 625,"[-15.697440522052284, -6.872473709107931, 12.311899144932672]",540.7157735597086
62,GJ 486,"[-0.925333666562677, -4.360263303244884, 25.941938191931136]",540.9943692107985
33,GJ 229,"[-6.981995603311561, 0.3223746645419109, 17.415105149273064]",541.1528532795606
64,GJ 514,"[-1.711383148612368, -4.130820059743952, 24.428123171959946]",541.3766034210388
313,LTT 1445 A,"[-4.5587356472174, -4.485729261284908, 21.46118043355432]",541.464127268771
243,Kepler-1826,"[-763.2492217146367, 320.3703924893379, 722.1049383150756]",541.4925600517377
24,GJ 1265,"[4.541647260108692, -9.082311174013405, 31.84324135237552]",542.3591001293074
86,GJ 896 A,"[-0.8516962855111452, 6.906649413488966, 19.18520831922903]",542.4397882897046
50,GJ 393,"[0.12973603764532504, -0.3090656356138575, 22.920206571302828]",542.5872655712436
134,HD 219134,"[-3.616727065061196, 17.52180044876187, 11.543505180446632]",542.990057396063
131,HD 20794,"[-10.236394002792522, -8.589425491275012, 14.296371092685442]",543.5527878149334
120,HD 180617,"[-1.6372892863399342, 0.5710531844138015, 19.190340697073488]",543.5883570367212
60,GJ 436,"[1.1084461629160558, -14.24476536766485, 28.404393601236155]",543.6990009638076
141,HD 285968,"[9.466212815858745, 3.3084587998644603, 29.19979844658795]",544.0925128212657
55,GJ 414 A,"[4.158912141283947, -19.19437543729654, 33.41479656546053]",544.1231311704735
56,GJ 414 B,"[4.156636389602362, -19.166236307434236, 33.3688503745605]",544.1421823973169
139,HD 260655,"[9.715212148334352, -1.5894545762695662, 31.09690731483972]",544.3825961653248
303,L 363-38,"[-4.1448036935479005, -21.61396298146929, 25.055092275354458]",544.5020892064732
237,Kepler-1663,"[-777.1651618447962, 289.0485341412336, 725.3090469998932]",544.5773690693401
40,GJ 3323,"[-2.0521220190391487, -0.5312161160132725, 17.393284097809964]",544.8016107898595
66,GJ 581,"[2.1090957211229457, 1.7787637069284639, 20.345583612560514]",545.1021559934801
74,GJ 687,"[-13.710287337411728, -1.415811136074455, 5.475618604277062]",545.1939014988167
190,HN Lib,"[2.7506089354693457, 3.4495183811891676, 19.872962895027978]",545.4143004830756
182,HD 140901,"[25.588796197373945, 16.700870305108868, 39.22732906509921]",546.0133363021387
195,Kapteyn,"[-8.873512847878812, -1.8928158697933208, 9.05953152098039]",546.128665941643
36,GJ 273,"[1.6319147812677608, -0.6544409950558719, 19.223965695587548]",546.1753098599531
92,Gl 49,"[7.683847800973884, 27.393536687215455, 14.908227710698338]",546.3218505050105
90,GJ 96,"[16.779662098142907, 23.470106332733955, 26.087344471187706]",546.3433767140035
93,Gl 51,"[7.753741896771314, 27.329349744700632, 14.872885077502392]",546.4093297842654
205,Kepler-108,"[-723.2409417948596, 330.4995617112324, 766.2223471726141]",547.4104415264508
18,GJ 1002,"[-0.060729535216775106, -2.0749343894050085, 15.669766824518431]",547.7550818963426
5,55 Cnc,"[14.205403864667826, -13.314979816477555, 36.11474074310067]",547.7687760578312
6,55 Cnc B,"[14.07179932242762, -13.199474710591192, 35.809148893680685]",547.8312135991929
89,GJ 9066,"[1.647798965313961, 2.847315770845289, 14.199351593738564]",548.5837485098098
21,GJ 1148,"[1.9409547077182574, -24.296765422045905, 26.36636306066092]",548.7012967234293
19,GJ 1061,"[-6.79141394999103, -4.933662757542275, 8.537838744821277]",548.7431782316033
3,47 UMa,"[7.615941302716224, -28.157067431121536, 34.23637378110333]",548.8720146033261
83,GJ 876,"[1.0777961205741644, -3.5979504745034263, 14.77101354114989]",549.5642036736109
138,HD 238090,"[-2.1782943061239086, -40.36930599633935, 28.851779622564766]",549.5758809961229
360,tau Cet,"[-1.414026233093559, -2.8979890867782805, 11.294627049613696]",549.9811933507617
348,YZ Cet,"[-1.1009070037128204, -3.3616556628134835, 11.572808787476502]",550.1376763573198
353,eps Eri,"[-1.3742906734890359, -1.0270375961242393, 10.29854640361854]",550.1646465623371
346,Wolf 1061,"[2.845536092718224, 1.1743081520690783, 13.695608549434473]",550.1999664013302
129,HD 192310,"[10.82786148824385, -7.256415910492828, 25.544428719665795]",550.3446031778589
318,Ross 128,"[0.008198449105506073, -0.15324245254507737, 10.99992996963937]",550.4046004707925
26,GJ 15 A,"[0.6490396898706884, 8.044555269718785, 8.350234057036252]",550.4695861582879
27,LHS 4,"[0.6505595054906093, 8.042239441748539, 8.346815501452713]",550.4735437025416
108,WD 1620-391,"[24.294483688417987, 10.871813004325038, 32.60032704497097]",550.6732813307694
107,HD 147513,"[24.284913479017263, 10.809399963712902, 32.600863320221336]",550.6816278577659
103,HD 136352,"[27.559512235198955, 22.766729461477453, 31.82839481356567]",550.7010505982763
341,Teegarden's Star,"[2.483346461922978, 2.6381081826636783, 11.951237653771654]",550.724203100835
11,AU Mic,"[12.38681493179016, -10.87868829387281, 27.06905075359036]",551.5088790896756
22,GJ 1151,"[0.7754819966052363, -19.567456773963432, 17.40280541759399]",552.2753395377175
54,GJ 411,"[2.6598005446439745, -10.538085281980946, 14.97451061079084]",552.4916365832322
70,GJ 667 C,"[13.32831551566016, 2.4098972048253664, 19.345057469054975]",553.4880051090172
69,HIP 84709,"[12.823152118274669, 2.32170991569665, 18.618091657916043]",553.629344932085
220,Kepler-1350,"[-767.3826496516734, 253.05392177859153, 761.9953496256566]",553.8050282915433
97,HAT-P-7,"[-764.4378856848168, 312.6960311161687, 744.4572028085794]",554.349551383353
85,GJ 887,"[1.464567464520041, -6.101656085480073, 8.685313798739022]",554.6020705424734
84,GJ 887,"[1.4700306905866407, -6.107538522959523, 8.693169049276493]",554.6021901528928
35,GJ 251,"[9.695352850747387, -2.3635170603064646, 15.21140140115867]",554.9286038852998
351,Proxima Cen,"[2.2886139571637107, 2.994090412140813, 1.9471028743100036]",557.2538887357204
350,alf Cen B,"[2.461368469827375, 2.942289005031795, 2.1404378097789927]",557.2541593657996
349,alf Cen A,"[2.4615873775818318, 2.9418952152086013, 2.140727324108648]",557.2542156891839
72,GJ 682,"[11.34702603878618, 1.1403800220693314, 11.676819941169711]",557.4774793019102
71,GJ 674,"[10.726890984817418, 1.4751145948157762, 10.132875584966806]",557.9800727806188
91,Gl 378,"[17.815666943214655, -31.60036977199183, 32.56906460785653]",558.250052806949
80,GJ 832,"[7.285201631832205, -9.80640738019215, 10.6148470989093]",558.3698417302954
354,eps Ind A,"[4.831268909358131, -8.66989086225652, 6.495588217195548]",559.1036873773926
186,GJ 680,"[23.544827781874805, 2.554784313397666, 20.821548860395435]",559.7849388069812
43,GJ 338 B,"[10.859387756262448, -12.313949041554165, 12.514835361088206]",560.3124834274965
42,GJ 338 A,"[10.8615241825139, -12.313011116284821, 12.515087283504498]",560.3135333102797
132,HD 211970,"[14.422450723659908, -31.744263415967044, 24.815682948017006]",560.7853099178535
135,HD 222237,"[3.1627530565875124, -35.492972761349435, 11.08135621087911]",563.1145360598541
179,HIP 48714,"[15.707515228900014, -26.176109884536917, 15.698354259616723]",565.7638113736575
44,GJ 3512,"[20.311110276011004, -17.24437943714463, 15.699707703460158]",566.2926212385161
310,LHS 3844,"[15.141940567690877, -42.750519139747986, 17.253217884678055]",569.7369483355459
311,LHS 475,"[37.85593880055277, -13.9567414230088, 5.268928648650407]",584.5105564708525
261,Kepler-406,"[-778.4455840665624, 312.11553363780286, 839.6147761075299]",629.5273097116151
213,Kepler-1173,"[-808.5121601500637, 345.379822111023, 859.064524149028]",671.8507881954083
226,Kepler-1536,"[-840.3758631049651, 332.47820244771947, 881.4489892913987]",704.8254615526778
201,Kepler-1055,"[-839.8627853866985, 313.7910382180802, 898.6817706861109]",712.2837596338459
278,Kepler-540,"[-840.34345784995, 316.28280276944975, 901.8579663889809]",715.4823331044221
209,Kepler-1141,"[-889.1529607807669, 333.2135655018795, 863.229470827802]",725.6363507253982
206,Kepler-1084,"[-926.2483954313465, 338.9950909679118, 880.3008583392211]",764.6499807548913
238,Kepler-1714,"[-882.4631784472898, 387.67675754044745, 923.4512591771108]",777.4653523846265
196,Kepler-1012,"[-916.8346242224237, 321.00311132531965, 923.184066300882]",782.6995410223694
198,Kepler-1020,"[-904.4598223299217, 377.8332329298617, 934.179926472637]",796.3944358452659
199,Kepler-1022,"[-944.4812842234948, 331.71635594142816, 934.3462759745788]",811.8773418225124
248,Kepler-1957,"[-1020.5271097794562, 448.2230457619158, 1007.5808375004206]",945.2041107573212
219,Kepler-1323,"[-1007.2822927902718, 424.9179409974617, 1052.0947075374854]",959.6612963971264
291,Kepler-833,"[-1019.7950658979755, 380.87814421291426, 1066.0143808399162]",966.1092091500473
254,Kepler-283,"[-1036.4388368290092, 453.10504014842417, 1024.2680192061541]",968.612070065414
222,Kepler-1395,"[-1098.6580739100334, 451.4326391043233, 1082.1626155775828]",1049.144513055817
228,Kepler-1577,"[-1130.107828206664, 478.66144314328676, 1121.736445347041]",1105.082558516483
290,Kepler-783,"[-1157.2755642431694, 445.69386695710114, 1136.9783148917306]",1124.695610636014
294,Kepler-905,"[-1179.8567829920366, 430.62589886692683, 1183.0264891302627]",1167.743732470169
239,Kepler-1743,"[-1224.6814105551898, 459.165566448497, 1172.4558354179717]",1198.9455483777153
225,Kepler-1515,"[-1223.4280938211714, 468.99086624967526, 1172.3868366502609]",1200.5949705782446
242,Kepler-1788,"[-1220.531945807203, 474.01079638973414, 1274.25656542964]",1269.3931572294655
252,Kepler-225,"[-1247.8434147476798, 509.08264394480835, 1236.7922310575693]",1271.4435690523806
281,Kepler-566,"[-1267.7331325141188, 500.7661891926668, 1235.3155268667654]",1281.830767575207
280,Kepler-563,"[-1230.9872620498154, 508.53752353929815, 1273.2407137386272]",1284.8610399545187
293,Kepler-877,"[-1339.7995271988864, 483.9192689169862, 1350.739234137895]",1405.4654526871436
210,Kepler-1148,"[-1363.7537808584223, 522.2294342008524, 1424.0984012432787]",1482.1209626476914
256,Kepler-337,"[-1522.4144633248127, 555.9351338354134, 1502.7201130713174]",1652.5184638457315
211,Kepler-1151,"[-1527.2980029201037, 624.7650884708196, 1492.1472827435505]",1667.0693183818719
241,Kepler-1776,"[-1532.077846079334, 604.5643950984903, 1533.6129665315277]",1692.6825051259232
271,Kepler-461,"[-1506.461576400453, 616.2807377035931, 1562.7766447637946]",1698.7128312999491
202,Kepler-1069,"[-1574.0412731020788, 603.5634951264229, 1518.4849296788618]",1711.1886865540118
253,Kepler-273,"[-1603.8309174219023, 625.3767420451086, 1566.522249616403]",1769.78168280858
275,Kepler-527,"[-1680.9502658689557, 643.8400546573782, 1654.8531236028257]",1887.3615354961137
267,Kepler-423,"[-1650.3829582524356, 695.6464514224575, 1706.0733904504018]",1915.8529834912017
230,Kepler-1590,"[-1739.8240150146896, 682.1068159932489, 1681.581114574075]",1956.2782607280615
257,Kepler-342,"[-1711.781864406689, 715.2834125559018, 1746.6369885182785]",1990.3190443304181
251,Kepler-224,"[-1751.6802343493555, 670.1023385875532, 1727.1579125698413]",1991.8338387269832
296,Kepler-916,"[-1818.0547552082207, 697.2808884097374, 1882.125466145484]",2150.4121363567647
244,Kepler-1858,"[-1826.3290883818606, 749.308889482826, 1865.0487459068688]",2157.988141391245
292,Kepler-861,"[-1851.2258949941527, 761.2806559746564, 1917.749844943426]",2214.338650691213
216,Kepler-1284,"[-1982.0258556848532, 771.9210349748325, 1936.2984525110385]",2318.629938135187
227,Kepler-1564,"[-2016.5905198170954, 757.4295187845636, 2034.0304738857988]",2404.942670733852
287,Kepler-763,"[-2130.8755372121605, 867.1896233106258, 2133.5388206377106]",2579.830630456378
203,Kepler-1072,"[-2147.848831321752, 869.7235083908583, 2212.176845016551]",2645.8875958306585
258,Kepler-362,"[-2435.2701513445654, 972.6387859644069, 2400.396461405211]",2997.291629899178
214,Kepler-1184,"[-2570.8568050293593, 1001.4064695905681, 2575.882661478769]",3216.746222868682
284,Kepler-657,"[-3779.6620296166057, 1465.8294246589796, 3739.8605566662304]",4957.734348936068
